{"cameraMode":{"drawMode":0,"name":"Shaded","section":"Shading Mode"},"sceneLighting":true,"audioPlay":false,"sceneViewState":{"showFog":true,"showMaterialUpdate":false,"showSkybox":true,"showFlares":true,"showImageEffects":true,"showParticleSystems":true},"in2DMode":false,"pivot":{"x":0.9188403487205505,"y":1.3403475284576417,"z":-1.3361091613769532},"rotation":{"x":-0.003290258813649416,"y":0.9943922758102417,"z":-0.10058524459600449,"w":-0.03252726048231125},"size":14.172450065612793,"orthographic":false}